run,family,sampling,wandb,eval_policy_slot,goal_pct,collision_pct,at_fault_pct,offroad_pct,reward,collision_maps,lateral,front,rear,stopped,vs_h0_coll_rel,vs_h0_fault_rel
H0 run4_r2,Homogeneous,—,u9ymfcqr,—,80.48,6.79,4.92,0.85,-0.7411,40,23,9,7,1,+0.0%,+0.0%
MIXMOE shared,MIXMOE,shared,ncn8qxko,0,78.78,8.15,6.96,0.85,-0.7863,48,32,11,4,1,+20.0%,+41.5%
MIXMOE strat,MIXMOE,stratified,o4trtoxc,0,82.51,4.24,3.57,1.70,-0.7569,25,17,6,1,1,-37.6%,-27.4%
DriveLite A shared,DriveLite A,shared,uhnxy2lw,0,83.70,4.24,3.57,0.85,-0.6899,25,13,9,2,1,-37.6%,-27.4%
DriveLite A strat,DriveLite A,stratified,r0jht7bf,0,84.21,2.89,2.21,0.68,-0.5965,17,11,2,2,2,-57.4%,-55.1%
DriveLite B shared,DriveLite B,shared,d9fq08yq,0,82.68,4.41,4.07,1.36,-0.7715,26,11,14,1,0,-35.1%,-17.3%
DriveLite B strat,DriveLite B,stratified,qgytyxt4,0,80.48,5.09,4.58,2.55,-0.7598,30,10,13,3,4,-25.0%,-6.9%
Perception shared,Perception,shared,yj5u9i7h,2,81.83,4.41,3.40,1.36,-0.6989,26,14,6,5,1,-35.1%,-30.9%
Perception strat,Perception,stratified,yov2516v,2,81.32,4.07,2.55,1.19,-0.6369,24,11,5,7,1,-40.1%,-48.2%
