run,family,sampling,wandb,eval_policy_slot,goal_pct,collision_pct,at_fault_pct,offroad_pct,reward,collision_maps,lateral,front,rear,stopped,vs_h0_coll_rel,vs_h0_fault_rel,note
H0 run4_r2,Homogeneous,—,u9ymfcqr,—,81.66,5.77,4.58,0.85,-0.6755,34,25,7,1,1,+0.0%,+0.0%,baseline
MIXMOE shared,MIXMOE,shared,ncn8qxko,0,81.15,6.11,4.92,1.02,-0.6525,36,23,7,4,2,+5.9%,+7.4%,
MIXMOE strat,MIXMOE,stratified,o4trtoxc,0,80.98,5.94,4.92,1.19,-0.7215,35,22,11,0,2,+2.9%,+7.4%,
DriveLite A shared,DriveLite A,shared,uhnxy2lw,0,81.66,4.07,3.57,1.53,-0.5784,24,12,9,0,3,-29.5%,-22.1%,
DriveLite A strat,DriveLite A,stratified,r0jht7bf,0,82.68,2.72,1.70,1.02,-0.5017,16,4,7,3,2,-52.9%,-62.9%,
DriveLite B shared,DriveLite B,shared,d9fq08yq,0,82.51,4.41,3.57,1.70,-0.6760,26,12,11,1,2,-23.6%,-22.1%,
DriveLite B strat,DriveLite B,stratified,qgytyxt4,0,81.15,5.09,4.07,1.70,-0.6929,30,10,17,0,3,-11.8%,-11.1%,
Perception shared,Perception,shared,yj5u9i7h,2,80.48,3.57,2.89,1.02,-0.5956,21,10,8,1,2,-38.1%,-36.9%,
Perception strat,Perception,stratified,yov2516v,2,81.15,2.72,2.38,1.53,-0.5420,16,8,5,0,3,-52.9%,-48.0%,
